"","Year","Month","Stock_Vw_Ret","Stock_Ew_Ret","Stock_lag_MV"
"1",1926,1,0.000247180482040281,0.0234050475206612,26903952.5625
"2",1926,2,-0.0338886685668784,-0.053836537525355,27032345.25
"3",1926,3,-0.0649033247948447,-0.0974007715430862,26162083.6875
"4",1926,4,0.0366096401637987,0.0316093824701195,24506934.1875
"5",1926,5,0.0123035418861394,0.000904484251968505,25296194.5625
"6",1926,6,0.0544026009199517,0.0498888332149314,25587309.25
"7",1926,7,0.031226039589796,0.0127215039840637,25587309.25
"8",1926,8,0.0288715079341538,0.0304644691119691,26937267.125
"9",1926,9,0.00582063259928636,-0.00663076356589148,28424773.75
"10",1926,10,-0.0291681458167859,-0.0345276208897485,28308141.5625
"11",1926,11,0.0278439134195809,0.0246087413793103,27501095.375
"12",1926,12,0.0293355290219524,0.0242655954198473,28281302.625
"13",1927,1,0.00188801672250488,0.0119555171102662,29615346.5625
"14",1927,2,0.0444647149351987,0.0575454952741021,29783695.3125
"15",1927,3,0.00424405200336846,-0.0191877132075472,31217836.9375
"16",1927,4,0.00727859269490888,0.00752254104477612,31199380.1875
"17",1927,5,0.0574646786465502,0.0629864179104478,31452864.5625
"18",1927,6,-0.0207879846873836,-0.0179796043956044,33469629.1875
"19",1927,7,0.0751438627567991,0.0583997996323529,32783069.4375
"20",1927,8,0.0233237183964404,0.00712915693430657,35015154
"21",1927,9,0.0505725872821007,0.0319705333333333,35793629.8125
"22",1927,10,-0.0403569108372304,-0.0385864982269504,39052717.1875
"23",1927,11,0.0676176947771608,0.0975794902998236,37295541.0625
"24",1927,12,0.0245305144891637,0.0308546889279438,39512042.0625
"25",1928,1,-0.0039688547688033,0.0320679458987784,40899814.0625
"26",1928,2,-0.0134862611957973,-0.0221225993031359,40131604.75
"27",1928,3,0.0906565932236719,0.0731294798598949,39404019.625
"28",1928,4,0.0443032276001458,0.0872803771929825,42920254
"29",1928,5,0.0184480839729583,0.044395,44712654.5
"30",1928,6,-0.0451178521499415,-0.0701875026269702,45655523.4375
"31",1928,7,0.00898234810147746,0.00106032068965517,43615929.9375
"32",1928,8,0.0695077684193634,0.0578898476027397,44218221.25
"33",1928,9,0.0313788158999379,0.0502339437819421,47406648.8125
"34",1928,10,0.0172214509513751,0.0170319577702703,49010121.4375
"35",1928,11,0.121577336060377,0.116075212730318,50023732.1875
"36",1928,12,0.00432444915568101,-0.00471539534883721,56214138
"37",1929,1,0.0501671347866266,0.0337091402640264,58301298.25
"38",1929,2,0.000204349210341354,0.00621890016366612,61869494.3125
"39",1929,3,-0.00512988248839166,-0.03295078802589,61098821.375
"40",1929,4,0.0178933509282369,0.0152429840764331,61219707.875
"41",1929,5,-0.0591296973868396,-0.0912417045813586,63655318.25
"42",1929,6,0.102244459897125,0.0742520385208012,60690745.125
"43",1929,7,0.0456432665890859,0.0202646396946565,66689186.75
"44",1929,8,0.0873901460440858,0.0274624636363636,69819106.1875
"45",1929,9,-0.050599093914891,-0.0442429926253687,77225860.5625
"46",1929,10,-0.195253236766145,-0.210855236802413,74380039.625
"47",1929,11,-0.124703502116707,-0.129488399941083,60498277
"48",1929,12,0.0170548140291676,-0.0261845774240232,52780124.125
"49",1930,1,0.0553752345896155,0.105116059568144,55151945.6875
"50",1930,2,0.0279766287039069,0.0355072589413448,58958882.375
"51",1930,3,0.0744213744618012,0.104697387234043,60384498.1875
"52",1930,4,-0.018507739909342,-0.0432495768688293,65130697.875
"53",1930,5,-0.0142031312292696,-0.0385455698324022,63976755.375
"54",1930,6,-0.158606751162912,-0.189402957020057,63577514.625
"55",1930,7,0.0429221719984481,0.0348119353932584,53092836.375
"56",1930,8,0.00389510099837182,-0.0183672338028169,56528383.8125
"57",1930,9,-0.124170313503101,-0.152035408277877,56900210.3125
"58",1930,10,-0.088209100462744,-0.0978178067700987,49122272.875
"59",1930,11,-0.0297838711440473,-0.0246417546099291,45197220.8125
"60",1930,12,-0.0770162966875927,-0.14018702538787,43944824.125
"61",1931,1,0.0635305450331917,0.141822914893617,40665042.6875
"62",1931,2,0.10887788575739,0.155026799157303,43210817.4375
"63",1931,3,-0.0625310552121117,-0.0636866831683168,47779922.25
"64",1931,4,-0.0990368874405945,-0.151898765625,44425506.125
"65",1931,5,-0.132742003976879,-0.141001,39951292.5
"66",1931,6,0.139536299200786,0.180700541725601,34652887.5
"67",1931,7,-0.0654753105218458,-0.0681171875881523,39240679.625
"68",1931,8,0.00424640950970062,-0.0188019871611983,36559788.5
"69",1931,9,-0.286261203675757,-0.310718895863053,36420867
"70",1931,10,0.0802695758203009,0.100210017118402,25272456.125
"71",1931,11,-0.0898085296137881,-0.0915468854314003,27250933.375
"72",1931,12,-0.133990669173012,-0.185396194563662,24655875.5625
"73",1932,1,-0.0135604274645351,0.0819240240452617,21180783.375
"74",1932,2,0.0567834387871827,0.0202332368794326,20924459.625
"75",1932,3,-0.109781813152851,-0.119978999359787,21927657.3125
"76",1932,4,-0.177920864693037,-0.180624239477504,19422130.375
"77",1932,5,-0.204054571760083,-0.206440572463768,15843996.125
"78",1932,6,-0.00719555490950677,0.0374429664233577,12456989.875
"79",1932,7,0.338653004068264,0.432242386724387,12141674.1875
"80",1932,8,0.370808052249476,0.669585984057971,16218797.8125
"81",1932,9,-0.0287981147817902,-0.055691005788712,22171199.25
"82",1932,10,-0.131336945713145,-0.165342382608696,21393217.5625
"83",1932,11,-0.0584290676973655,-0.0760297093023256,18516200.6875
"84",1932,12,0.0440919150882006,-0.0385819020467836,17308702.1875
"85",1933,1,0.0132100625545181,0.0370942780203785,17916415
"86",1933,2,-0.152640841713546,-0.155007576642336,18159812.875
"87",1933,3,0.0329526064204559,0.102251774336283,15290756
"88",1933,4,0.391945353809154,0.514985354933726,15497910.25
"89",1933,5,0.214667922147094,0.614246948604993,21646083.3125
"90",1933,6,0.131221525226302,0.228007565088757,26236063.6875
"91",1933,7,-0.0960310230417165,-0.0920853775811209,29578986.5625
"92",1933,8,0.120440791723578,0.113197732937685,26755429.3125
"93",1933,9,-0.105980073356604,-0.150412138643068,29947464.3125
"94",1933,10,-0.0827525810964749,-0.107477920937042,26556626.25
"95",1933,11,0.0994120112708548,0.0649789193548387,24337124.9375
"96",1933,12,0.0184616492534399,0.0181305626822157,26724623.6875
"97",1934,1,0.126434013093316,0.318953972262774,27101031.5
"98",1934,2,-0.0246590294841865,0.0120133682678311,30474744.9375
"99",1934,3,0.00112948857094327,0.0067592598540146,29668552.1875
"100",1934,4,-0.0176621345532843,0.00219085050798258,29518294.625
"101",1934,5,-0.0724585389029736,-0.107807450581395,29037363.6875
"102",1934,6,0.02643108361312,0.00262797525473072,26839795.25
"103",1934,7,-0.109235434886424,-0.18750674340176,27403302.5625
"104",1934,8,0.0556211646602147,0.0961329227405248,24304152.5625
"105",1934,9,-0.00208972222987405,-0.00995308260869565,26020800.875
"106",1934,10,-0.0169820789339057,-0.0183196341107872,25746024.8125
"107",1934,11,0.0834038954782598,0.130529501457726,25426475.625
"108",1934,12,0.00366008693876066,0.0147720406386067,27471503.875
"109",1935,1,-0.034370485050687,-0.0311813469387755,27430006.25
"110",1935,2,-0.0191841138798552,-0.05601935,26411783.5
"111",1935,3,-0.0365753438836176,-0.0746537282127031,25659043.5625
"112",1935,4,0.0911825780890525,0.101260379562044,24443974.625
"113",1935,5,0.0347814325982921,0.0242937540263543,26936188.75
"114",1935,6,0.0593745897019533,0.0410004163027656,27787793.875
"115",1935,7,0.0746865376228869,0.11143849408284,29309745.375
"116",1935,8,0.0266041153999753,0.082111099270073,31398702.125
"117",1935,9,0.0263800190276146,0.0243255065693431,32210581.03498
"118",1935,10,0.0703803377729947,0.0844835938864629,32926389.5
"119",1935,11,0.0489993365457876,0.146932859854015,35174294.0625
"120",1935,12,0.0456945436342662,0.0603097829232996,36745610.75
"121",1936,1,0.0689469377366954,0.150922647482014,38465574
"122",1936,2,0.0250783156976194,0.0451863213773314,41057432.3125
"123",1936,3,0.0101877290443115,0.00884120461095101,42072157.25
"124",1936,4,-0.0819694700010463,-0.122485920454545,42170304.4375
"125",1936,5,0.0520686860917183,0.0513506129943503,39198947.6875
"126",1936,6,0.0242997441291554,-0.00032664265536723,41085238.125
"127",1936,7,0.0668420020646557,0.0812512106741573,42043986.1875
"128",1936,8,0.0100810558992243,0.0214728790436006,44816549.875
"129",1936,9,0.0101651231798385,0.034938673010951,45077852.3125
"130",1936,10,0.0724970800303412,0.0663243642756681,45439882
"131",1936,11,0.0328322071527738,0.0924805286713287,48685277.625
"132",1936,12,0.00213843309246566,0.0272143107931236,49948025.375
"133",1937,1,0.0335218587407238,0.0758576717451524,50137623.9375
"134",1937,2,0.0110408708664233,0.0240470934065934,51791172.1875
"135",1937,3,-0.00246626248950151,0.000703487039563439,52333432.125
"136",1937,4,-0.0731635834281468,-0.100077117006803,52305094.5625
"137",1937,5,-0.00769094123206502,-0.0245142743243243,48511219.6875
"138",1937,6,-0.0418173802840098,-0.0772048202702703,47926671.8125
"139",1937,7,0.0894300698447044,0.0995220240963855,45906356.25
"140",1937,8,-0.0483285687018147,-0.0527425478723404,49888493.75
"141",1937,9,-0.135827681306418,-0.193640957839262,47379058.75
"142",1937,10,-0.0959247315919934,-0.101321538764783,40808249.4375
"143",1937,11,-0.0828949146060516,-0.109440455497382,36950584.5
"144",1937,12,-0.0422100255766829,-0.100927047556143,33429564.6875
"145",1938,1,0.00466945246618796,0.0421098584534731,31687917.9375
"146",1938,2,0.058354371747643,0.0611861897905759,32076420.625
"147",1938,3,-0.237852050327435,-0.285355572178478,33780828.5625
"148",1938,4,0.144329638521276,0.203162023498695,25575289.125
"149",1938,5,-0.0375777176601814,-0.0698124127604167,29265512.5625
"150",1938,6,0.238240606158933,0.30725876953125,28086468.4375
"151",1938,7,0.0732935934553512,0.122901416993464,34566083.5
"152",1938,8,-0.0266592915432479,-0.0630415183727034,37058056.5
"153",1938,9,0.00828855142191947,-0.0149942424639581,35951251.1875
"154",1938,10,0.0778513687658166,0.144322906578947,36104450.0625
"155",1938,11,-0.0178586632709692,-0.0367257931488801,38868737
"156",1938,12,0.0419224068031838,0.0336447063492063,37981939.25
"157",1939,1,-0.059410984333264,-0.0753242704485488,39258873.75
"158",1939,2,0.034972956661288,0.0413996622691293,36786574.3125
"159",1939,3,-0.119890035216767,-0.172948131752306,38051190.8125
"160",1939,4,-0.00197428392241459,0.00135195640686922,33330975.5
"161",1939,5,0.0681333937090716,0.0845819855263158,33224714.8125
"162",1939,6,-0.0529853090983911,-0.083505094305254,35382961.875
"163",1939,7,0.102160318401974,0.135510465544001,33356168.1875
"164",1939,8,-0.0667252555669715,-0.106087368906456,36669918.4375
"165",1939,9,0.168863452426471,0.396846854689564,34008702.1875
"166",1939,10,-0.0052595321352731,-0.00701991413474241,39614111.1875
"167",1939,11,-0.0362042354855989,-0.0810914366754617,39365692.625
"168",1939,12,0.0303036060806622,0.0174442279314888,37618551.25
"169",1940,1,-0.024103372363366,-0.0199620341655716,38546372.5625
"170",1940,2,0.014438958625813,0.0302519869281046,37680115.0625
"171",1940,3,0.0204565630920385,0.0270802310704961,38047270.375
"172",1940,4,0.00216345491983473,0.0138701796875,38702589.375
"173",1940,5,-0.219622191284106,-0.268940066666667,38729250.78125
"174",1940,6,0.0667304266643741,0.0661777604166667,30019791.96875
"175",1940,7,0.0317408841751866,0.0371761105331599,31867069.46875
"176",1940,8,0.0218586543476067,0.0217455864759428,32833279.28125
"177",1940,9,0.0239464022551169,0.0377294922077922,33327290.90625
"178",1940,10,0.0302359698339546,0.0482123363636364,34002186.4375
"179",1940,11,-0.0160980456292147,-0.00187458732212161,34975329.34375
"180",1940,12,0.00694245428199822,-0.0182260064683053,34096799.3125
"181",1941,1,-0.0417744119476298,-0.00695848124191462,34190435.98728
"182",1941,2,-0.0143751364657664,-0.0196988796895213,32745931.9731
"183",1941,3,0.00856402976649222,0.0145760630630631,32074849.15094
"184",1941,4,-0.0546227570802862,-0.0573300475578406,32176834.03125
"185",1941,5,0.0138950429200335,0.00957970769230769,30368047.80473
"186",1941,6,0.0583423241218873,0.066650917843389,30554591.53047
"187",1941,7,0.0589587519444165,0.129792595115681,32128863.43177
"188",1941,8,-0.00168066973919026,-0.00709760077021823,33984602.29978
"189",1941,9,-0.00864418588201117,-0.0203317282051282,33746936.2093
"190",1941,10,-0.0524787819535378,-0.0625657650063857,33303150.21875
"191",1941,11,-0.0192100258583441,-0.0346860064020487,31511533.19122
"192",1941,12,-0.0486485326476932,-0.0822279002557545,30498279.138
"193",1942,1,0.00810507697797514,0.134096920817369,28845167.71875
"194",1942,2,-0.0244842470210075,-0.0174430204081633,29026515.27388
"195",1942,3,-0.0656641180750153,-0.0520603933588761,28137020.16817
"196",1942,4,-0.0436993366191871,-0.0465557910828025,26112151.02021
"197",1942,5,0.0596977101621493,0.0284428504435995,24927333.16029
"198",1942,6,0.0271881752459016,0.0251640647208122,26229982.25422
"199",1942,7,0.0353349812087278,0.0458516882951654,26743015.04003
"200",1942,8,0.0182469150036525,0.0284506734434562,27615809.66131
"201",1942,9,0.0263742735903796,0.0480028770595691,27956325.56027
"202",1942,10,0.0684534367408966,0.100324716645489,28524446.43065
"203",1942,11,0.00178044186110431,-0.0149141334180432,30410358.49274
"204",1942,12,0.0514721714213181,0.035095596178344,30156632.84375
"205",1943,1,0.0715966603229951,0.168807281170483,31457964.75
"206",1943,2,0.0617260158853855,0.132375703939009,33675546
"207",1943,3,0.0604463215734787,0.111220983502538,35607786.125
"208",1943,4,0.00842869813446571,0.0354434815756035,37567752.9375
"209",1943,5,0.0575863949696463,0.0851579783715013,37820246.5665
"210",1943,6,0.0186667672027566,0.0118996738853503,39797202.8125
"211",1943,7,-0.0474527348605814,-0.0642374440203562,40336962.0625
"212",1943,8,0.0134685712297671,0.00338931091370558,38815032.875
"213",1943,9,0.0242410469434287,0.0350112313527181,39223630.0625
"214",1943,10,-0.0111731639192653,-0.00342500883838384,39978316.53525
"215",1943,11,-0.0587272280503239,-0.0877988113207547,39597494.254
"216",1943,12,0.0636559086176076,0.0987322113207547,36971054.73765
"217",1944,1,0.0180221942761662,0.0461243786163522,38936154.15625
"218",1944,2,0.00398495053135514,0.0136552481203007,39792118.6875
"219",1944,3,0.0249147720765979,0.0413873508114856,39768600.7064
"220",1944,4,-0.0165904803096794,-0.029101349127182,40559293.09375
"221",1944,5,0.0508091277854205,0.0658309138576779,39847837.625
"222",1944,6,0.0553278246656981,0.104763436408978,41602144.48728
"223",1944,7,-0.0145836826237151,-0.0123073620474407,43717354.90625
"224",1944,8,0.0159634962850209,0.030656250931677,43072140.75
"225",1944,9,0.000322405511378706,0.000149170846741933,43567535.1875
"226",1944,10,0.00188034735957168,0.000294203473945405,43449112.1875
"227",1944,11,0.0174141869062009,0.0235031079404466,43476466.1875
"228",1944,12,0.0405093081497116,0.0690451426799008,43847554.53125
"229",1945,1,0.0205060681370229,0.044105513546798,45891149.25
"230",1945,2,0.0624868391682096,0.0852879471744472,46885672.3125
"231",1945,3,-0.0386884657499403,-0.0564260159901599,49609974.6875
"232",1945,4,0.0781056063269049,0.0884106303549572,47504674.25
"233",1945,5,0.0177315081242199,0.0300553936430318,51192427.375
"234",1945,6,0.00412418093215861,0.0367023754556501,52024599.625
"235",1945,7,-0.0213916022409819,-0.0343379296969697,52080792
"236",1945,8,0.0623097651393843,0.0663402496969697,50942657.625
"237",1945,9,0.0479372475202113,0.0626395229468599,53915950.75
"238",1945,10,0.039253212637299,0.0649207693236715,56329670.9375
"239",1945,11,0.0540953875109526,0.0965139638118215,58551848.0625
"240",1945,12,0.0122593538944368,0.0240395982275633,61393085.8125
"241",1946,1,0.0627306805484079,0.0942085675029869,62872310.375
"242",1946,2,-0.0579693549161089,-0.0662203748517201,67168405.6875
"243",1946,3,0.0590058153396314,0.0582616319526627,63133127
"244",1946,4,0.0425568066308313,0.0525660812720848,66781050
"245",1946,5,0.0396282772700344,0.0548854032825322,69677217.75
"246",1946,6,-0.0385828155825277,-0.0486171651162791,72520516
"247",1946,7,-0.0265993018429127,-0.0410956658932715,69564917.6875
"248",1946,8,-0.0641158240684641,-0.07520796326062,68013058.6875
"249",1946,9,-0.101312282610038,-0.13531152739726,63483220.4375
"250",1946,10,-0.0141678678914917,-0.0119879465301479,56887226.5625
"251",1946,11,0.000143643668002615,-0.00287404318181818,56016749.1875
"252",1946,12,0.0498814547030446,0.0466548519774011,55662224.9375
"253",1947,1,0.0127731559162386,0.029863095505618,58446845.9375
"254",1947,2,-0.0105055763151253,-0.00701557718120805,59255154
"255",1947,3,-0.0163815384241825,-0.0306621498881432,58294732.5
"256",1947,4,-0.0476951062081418,-0.0820420878754171,57258089.3125
"257",1947,5,-0.00946741890886037,-0.0378080523385301,54485143.0625
"258",1947,6,0.0531694266349704,0.0569839276974416,53646888.9375
"259",1947,7,0.0416110618446455,0.0622551838316722,56400118.125
"260",1947,8,-0.0171437719985038,-0.0172440771775083,58744491.6875
"261",1947,9,-0.00470069683259215,0.00565989047097481,57644373
"262",1947,10,0.0253799516199914,0.0339578232711306,57195725.4375
"263",1947,11,-0.0190670219107028,-0.0295501498905908,58533885.25
"264",1947,12,0.0307710729019829,0.023242443960827,57022086.6875
"265",1948,1,-0.0385448645953781,-0.0165619848320693,58780483.8125
"266",1948,2,-0.0429820128136671,-0.0592623991370011,56612638.4375
"267",1948,3,0.0814735319889815,0.0945501913978495,53801986.25
"268",1948,4,0.0372480911615474,0.0396426663090129,57921434.8125
"269",1948,5,0.0739081323120657,0.0877387873931624,60096154.8125
"270",1948,6,-3.90135902095691e-05,-0.0123797211538462,64216384.625
"271",1948,7,-0.0499326610822475,-0.0531852204472843,63912898.3125
"272",1948,8,0.00332498504092697,-0.00228443630573249,60658588.1875
"273",1948,9,-0.0293075255585832,-0.0425765737009544,60494693.0625
"274",1948,10,0.0600121557117328,0.0531049343220339,58445605.875
"275",1948,11,-0.0926241858419157,-0.106402942857143,61786084.25
"276",1948,12,0.0330175413149283,0.0130290137420719,55456182.8125
"277",1949,1,0.00326431182784438,0.0181912101372756,57108092
"278",1949,2,-0.0283677982955199,-0.0411667642105263,57286909.875
"279",1949,3,0.0413318429962089,0.059256320754717,55403732.625
"280",1949,4,-0.0177266768171758,-0.0315534728033473,57399738
"281",1949,5,-0.0285192284485094,-0.043211669447341,56330133.625
"282",1949,6,0.00190727747081172,-0.00806037291666667,54424730.1875
"283",1949,7,0.0562099533398214,0.062399765625,54166153.0625
"284",1949,8,0.0269607153743514,0.0254789116424116,57260711.1875
"285",1949,9,0.0318177223406238,0.043433917184265,58400595.6875
"286",1949,10,0.0323156042877678,0.0393046305469556,60300326.375
"287",1949,11,0.0191100461020628,0.00984698249227601,62114686.6875
"288",1949,12,0.0521025708338788,0.070640956358621,62566243.625
"289",1950,1,0.0179667921568117,0.0400065196280992,65976752.0625
"290",1950,2,0.0156437181118814,0.0165454541709578,67231586.75
"291",1950,3,0.0135947642852256,-0.0017283501026694,67878406.5
"292",1950,4,0.0402731791017871,0.0473579415983607,68780087.6875
"293",1950,5,0.0441046501354086,0.0335106741803279,71446432.5625
"294",1950,6,-0.0583630554290139,-0.075712121801433,74213025.3125
"295",1950,7,0.0146091744296667,0.0506105342185904,69538311.875
"296",1950,8,0.0495188946586176,0.051635607106599,70559750.75
"297",1950,9,0.0490586080187295,0.0545826467611336,73399047.9375
"298",1950,10,-0.000618254475711962,-0.00507012108980827,76777488.0625
"299",1950,11,0.028630278142211,0.0319589979859013,76713828.25
"300",1950,12,0.0565112262935894,0.0844317854208517,77632850.3125
"301",1951,1,0.0582403367228804,0.0757961280241935,82757178.8125
"302",1951,2,0.0151458793848243,0.011763861167002,87583055.5
"303",1951,3,-0.0204514020338619,-0.0337445953815261,88508800.3125
"304",1951,4,0.0499456296548264,0.0403154304304304,86701830.75
"305",1951,5,-0.0221899221648677,-0.0248967954091816,91010897.5625
"306",1951,6,-0.0250565067628681,-0.0451973874501992,88431762.125
"307",1951,7,0.0707897119005966,0.0629930338661471,86285949.5625
"308",1951,8,0.0440443887189589,0.0469605061886348,92293274.75
"309",1951,9,0.00821431836480057,0.0228797701492537,95583029.5
"310",1951,10,-0.0237348269835459,-0.0241051441307197,96015959.6875
"311",1951,11,0.00673951990373911,0.00740897011952191,93575391.875
"312",1951,12,0.0345231952491431,0.0151221476709613,93511341.25
"313",1952,1,0.0160362059363738,0.0171459109792285,98118452.1875
"314",1952,2,-0.0251029579473955,-0.0206136814595661,99667719.95401
"315",1952,3,0.0454546068620279,0.0284047759131293,96483058.03125
"316",1952,4,-0.0485136541241167,-0.0449545863770977,100749228.25
"317",1952,5,0.0332585876397963,0.0246222226600985,95754728.125
"318",1952,6,0.0397778044209376,0.0307647938856016,98321991
"319",1952,7,0.0105822374491943,0.010307281496063,101947426.875
"320",1952,8,-0.00616351883413935,0.000479903732809428,102946461.125
"321",1952,9,-0.0187127009994511,-0.0150112622789784,101537668.9375
"322",1952,10,-0.00523637613636824,-0.0116601088817483,99489540
"323",1952,11,0.0604428652116917,0.0558129987804878,98712928.875
"324",1952,12,0.0309154821726522,0.0227107082926829,103778592.125
"325",1953,1,-0.00177505309024359,0.0247122009120478,108491639.3125
"326",1953,2,-0.00134010402288124,0.0123206871498341,108240862.375
"327",1953,3,-0.0124399249422512,-0.0102992668621701,107380015.8125
"328",1953,4,-0.026646702448759,-0.0234458086454439,105594365.5
"329",1953,5,0.00691818148548378,0.00594577962781586,102833268.25
"330",1953,6,-0.017065893671009,-0.0318407365853659,103004802.25
"331",1953,7,0.0254477092178618,0.0174988467045224,100893660.625
"332",1953,8,-0.0434814932429923,-0.0516258556097561,103312428
"333",1953,9,0.00366803454868857,-0.0108415675146771,98069263.3125
"334",1953,10,0.0472077334788431,0.0375439843597263,98031600.0625
"335",1953,11,0.0290131873358773,0.0214628884540117,102410635.1875
"336",1953,12,0.00154367255392702,-0.0149830886939571,104570788.5625
"337",1954,1,0.0524124227460789,0.0713252604878049,106091582.625
"338",1954,2,0.0173916058786996,0.0135712962962963,111557944.5
"339",1954,3,0.0373219344096079,0.0284568107317073,112701868.5625
"340",1954,4,0.0436290908587004,0.0163565978476943,116449926.375
"341",1954,5,0.031409287422831,0.0429659033203125,121567377.125
"342",1954,6,0.011328289951604,0.0125311647173489,124572562.375
"343",1954,7,0.0504386648608644,0.0719427212475634,125588052
"344",1954,8,-0.0228808721809394,-0.00926063972736125,131807328.75
"345",1954,9,0.0647893041222583,0.0440509330082928,127822892.5625
"346",1954,10,-0.0160312933467663,-0.00703750438169426,135768626.625
"347",1954,11,0.0944157033026107,0.091363746835443,133357972.1875
"348",1954,12,0.0556288829078948,0.088102201754386,144628012.375
"349",1955,1,0.00681657299634685,0.0142672647914646,156481580.3125
"350",1955,2,0.0310039140562975,0.0426311140373983,157341423.3125
"351",1955,3,-0.000568933106004531,0.000873133820365047,161717775.6875
"352",1955,4,0.0321272902979672,0.0232596533980583,161052598.4375
"353",1955,5,0.0107035244652582,0.00679938326848249,166156992.375
"354",1955,6,0.066491988717944,0.0343899578474447,166818753.8125
"355",1955,7,0.01990835073948,0.00798812132362815,177740157.9375
"356",1955,8,0.0036517041230735,0.00524421823472357,181153440.8125
"357",1955,9,-0.00203659795494174,-0.00812804398772763,181038579.1875
"358",1955,10,-0.0248896266677271,-0.0171889300291545,180075604.875
"359",1955,11,0.0721714619160671,0.0555278921281783,175124542
"360",1955,12,0.0166735797109411,0.022489251657896,186524727.5
"361",1956,1,-0.0280995861005213,-0.0205621980582524,193190048.375
"362",1956,2,0.0396232301640552,0.0331025242718447,187547960.75
"363",1956,3,0.0678802791554778,0.0513829476236663,194140532.75
"364",1956,4,0.00465781911927347,0.00394498402914894,207597047.875
"365",1956,5,-0.0497322526019749,-0.0400298272118829,208379854.3125
"366",1956,6,0.0367334010489661,0.021576544260553,196965516.0625
"367",1956,7,0.0505189973643314,0.0396010825242718,203469388.5
"368",1956,8,-0.0300577918346169,-0.0180662908560311,213571234
"369",1956,9,-0.0495274297595762,-0.035896109922179,205911440.875
"370",1956,10,0.00762582960196137,0.00704176915615907,195942486.8125
"371",1956,11,0.00566328475129945,0.00566702815533981,196866532.25
"372",1956,12,0.0339881252544157,0.0228455046079029,196529821.375
"373",1957,1,-0.0330671422900462,0.00271244357976654,206757116.75
"374",1957,2,-0.0182532966340296,-0.0228559068865179,199869202.9375
"375",1957,3,0.0235718529752075,0.0223074306086957,195558232.9375
"376",1957,4,0.045076685423141,0.0259688291253237,199780714.8125
"377",1957,5,0.0370502366084377,0.0216018156370656,208950887.9375
"378",1957,6,-0.00503680476804341,-0.0073533375,216170074.625
"379",1957,7,0.00956396116744182,0.00566196564008645,214599537.75
"380",1957,8,-0.0485984228584294,-0.0495644239442096,216855212.75
"381",1957,9,-0.0572202573614263,-0.0526316804287252,205405858.5625
"382",1957,10,-0.0402576433299022,-0.0650793550239234,193059965.9375
"383",1957,11,0.0257431193198466,0.0209301527293053,185191017.125
"384",1957,12,-0.0365333045195951,-0.0483982586028531,189207911.5
"385",1958,1,0.0492827490085958,0.106981692160612,184408799.375
"386",1958,2,-0.0139826162599381,-0.0112939752740096,192832848.0625
"387",1958,3,0.0336454723166791,0.0357346961538462,188857371.75
"388",1958,4,0.031682706470887,0.0304203773426539,195220264.1875
"389",1958,5,0.0242057714139614,0.0394550440191388,201326113.25
"390",1958,6,0.0295563725811932,0.032309236780558,204989851.4375
"391",1958,7,0.0445296671542979,0.0542642593659942,210325986.4375
"392",1958,8,0.0194797803092109,0.0303005,219090927.25
"393",1958,9,0.0484749273516111,0.0523427615265684,222190277.5
"394",1958,10,0.0271042259723238,0.0325512615830116,232195097.75
"395",1958,11,0.0311559361994973,0.0426720876685934,238082889.375
"396",1958,12,0.0536704212026957,0.0389287849566056,244715334.625
"397",1959,1,0.00918274320332243,0.0420523349459596,263460049.875
"398",1959,2,0.011353086000724,0.0288174763741562,266351456.125
"399",1959,3,0.00496611284446454,0.0120647138618141,268201760.0625
"400",1959,4,0.0385588951077407,0.0266236073500967,268718410.4375
"401",1959,5,0.0194779227152347,0.00732693666026871,279109147
"402",1959,6,-1.69692985841299e-05,0.00447945829338447,283802037.4375
"403",1959,7,0.0341797626498567,0.0304577609942639,283287008.75
"404",1959,8,-0.0119956266406297,-0.0148309752616556,292751966.3125
"405",1959,9,-0.0449554785359333,-0.045225247148289,288068823.75
"406",1959,10,0.0158078088580355,0.022076726235866,274576371.5
"407",1959,11,0.018541098479806,0.0154089711509763,278801155.5625
"408",1959,12,0.0278768406920542,0.0213628449905482,282696277.8125
"409",1960,1,-0.0664875937733726,-0.0394583449905482,294435260.875
"410",1960,2,0.0145370867544481,0.00871534872761546,274640381.5
"411",1960,3,-0.0128705827601425,-0.0246635394736842,277964586.125
"412",1960,4,-0.0151101507660141,-0.0191611828655066,273844771.5625
"413",1960,5,0.033912912658,0.0259263789868668,269601066.8125
"414",1960,6,0.0231685306517958,0.0219620282502614,277758246.25
"415",1960,7,-0.0223502320217211,-0.0193400736253495,283770244.875
"416",1960,8,0.0317110388486983,0.0374739231481481,277490566.0625
"417",1960,9,-0.058338444658938,-0.0603310257589696,284922757.9375
"418",1960,10,-0.00490442887114813,-0.0235335601469238,268257557.8125
"419",1960,11,0.048257796100891,0.0468835284926471,266623519.4375
"420",1960,12,0.048662021830539,0.0383810266531805,277917453.4375
"421",1961,1,0.064018351770428,0.0824372575896964,294896554.5625
"422",1961,2,0.0371095752314334,0.0613870688705234,313602530.0625
"423",1961,3,0.0308935737005382,0.0505572693849789,323988204.6875
"424",1961,4,0.0046384151156027,0.0090553871559633,334793454.75
"425",1961,5,0.0258179434954374,0.0423481380255941,336481304.9375
"426",1961,6,-0.0287143262159199,-0.0426853710974262,343951650.75
"427",1961,7,0.0301887378817421,0.0113594862888483,333417669.625
"428",1961,8,0.0271318148478677,0.0213911416819013,344595707.8125
"429",1961,9,-0.0198053169834654,-0.0296377120658135,352566347.6875
"430",1961,10,0.0275752966142346,0.0208389863760218,345361608.625
"431",1961,11,0.0460235566026829,0.0465055662759243,355030186.125
"432",1961,12,0.000110298428108371,-0.00421871107110711,369687989.4375
"433",1962,1,-0.0363241866284885,-0.00805824222120541,372110925.125
"434",1962,2,0.0200922482305307,0.0152043009883199,358877396.4375
"435",1962,3,-0.00480282659596445,-0.00609718753135368,365888728.75
"436",1962,4,-0.0636385939491114,-0.0687402419054879,363335893.0625
"437",1962,5,-0.0840542825750321,-0.098635170556553,340150225.0625
"438",1962,6,-0.0827522059924427,-0.086136520609319,310051509.1875
"439",1962,7,0.0653558308418038,0.0645303646953405,282804113
"440",1962,8,0.0236088700645983,0.0376951240232905,323590047.5
"441",1962,9,-0.0500609464999433,-0.0654916029434069,329565139.3125
"442",1962,10,0.0020228507761348,-0.0405267491251953,312734114.59375
"443",1962,11,0.110570455049827,0.121575471205871,312555836.65625
"444",1962,12,0.0124623536499737,-0.0259732124694765,344955492.96875
"445",1963,1,0.0518585002846236,0.089566318240106,350101060.0625
"446",1963,2,-0.0215393232563833,-0.0158096695607763,367950965.3125
"447",1963,3,0.0330342703509543,0.0113800417593105,358435702.96875
"448",1963,4,0.0476105140295716,0.0263653613659531,369949735.375
"449",1963,5,0.0199940619734613,0.0323832149390244,387758439.4375
"450",1963,6,-0.0177396821014162,-0.0101567833132276,393625769.75
"451",1963,7,-0.00123632944793174,-0.0064995928174001,386356281.09375
"452",1963,8,0.0531657002092939,0.0422028060505081,385325041.65625
"453",1963,9,-0.0129088288357305,-0.0109150324214792,404417668.15625
"454",1963,10,0.0282374295132207,0.0126077576712955,398717992.15625
"455",1963,11,-0.0058252038021499,-0.0166230074307274,409300203.84375
"456",1963,12,0.0210909211254024,-0.00528708693993256,402830894.8125
"457",1964,1,0.0259050331785801,0.0330067285570131,412882567.53125
"458",1964,2,0.0180586052020196,0.025756960673848,425452762.90625
"459",1964,3,0.0172044576765555,0.0264264720386238,432493051.9375
"460",1964,4,0.00396224954196615,0.000104347916706854,439573105.96875
"461",1964,5,0.0167440841808423,0.00708488286594813,442987611.59375
"462",1964,6,0.0156735404592835,0.0110044397574749,448675931.03125
"463",1964,7,0.0204717712354564,0.0299721322085794,454952538.75
"464",1964,8,-0.0115370598921082,-0.00642194830132939,464572156.28125
"465",1964,9,0.0296901368565895,0.037582334486166,456989697.5
"466",1964,10,0.00884890681273769,0.0193599637541327,470427579.34375
"467",1964,11,0.00286745382883281,-0.000199362601491899,473812628.28125
"468",1964,12,0.00342276345494053,-0.0135372138457463,470300566.6875
"469",1965,1,0.0382339776399006,0.0718729107025454,475836028.125
"470",1965,2,0.00742394838521576,0.0336486311917607,493861190.3125
"471",1965,3,-0.00983446858126191,0.0152455124694376,495453292.5625
"472",1965,4,0.0341614405378528,0.0426586539808365,491190837.6875
"473",1965,5,-0.00462072926403262,-0.00632192937165124,507908440.53125
"474",1965,6,-0.0514887466702403,-0.0844024376825706,504357835.0625
"475",1965,7,0.0173252817070361,0.0290868500241896,477505861.8125
"476",1965,8,0.0305725008019097,0.0417133757889275,485239679.1875
"477",1965,9,0.0317102154771045,0.0270119260219594,497806577.625
"478",1965,10,0.0291031913364386,0.0590710743862342,512886724.65625
"479",1965,11,0.00322332919739838,0.0476941457188513,527752576.5
"480",1965,12,0.0134130125092457,0.0437192760217085,525764490.875
"481",1966,1,0.0109495754930205,0.0635375985237106,537054204.09375
"482",1966,2,-0.00862569594042528,0.0299560356454721,542783790.09375
"483",1966,3,-0.0212870815782689,-0.0101318440502205,535719304.6875
"484",1966,4,0.0247536723235263,0.0472624355173993,523429242
"485",1966,5,-0.0525101846757139,-0.0878522123509126,535494781.625
"486",1966,6,-0.0106618125982924,-0.00513749989556497,506027101.875
"487",1966,7,-0.0127109715923187,-0.0158547466346154,500219797.9375
"488",1966,8,-0.0748765088066915,-0.100945853927203,493827229.84375
"489",1966,9,-0.00664888068612121,-0.0187713302380858,454285884.78125
"490",1966,10,0.0430168778697198,-0.0150427794524681,450132733.28125
"491",1966,11,0.0179377757669585,0.0421080591039085,469007836.46875
"492",1966,12,0.00532371309222401,0.0174191666807954,474640769.4375
"493",1967,1,0.0858232285054993,0.174889016213639,481241447.8125
"494",1967,2,0.0113646619783783,0.043993486153367,522125899.9375
"495",1967,3,0.0438010554733298,0.0596480646554193,526606385.6875
"496",1967,4,0.042116726996322,0.0424311185034214,548464194.75
"497",1967,5,-0.0397894365286646,-0.00793234959349593,571502125.1875
"498",1967,6,0.0267555143687958,0.0831673017036579,544618143.875
"499",1967,7,0.0488520494927382,0.0840426489828199,558598268.8125
"500",1967,8,-0.00579826635612017,0.00651860103513656,584125716.5625
"501",1967,9,0.034116525001864,0.0635152475876583,578030073.9375
"502",1967,10,-0.0268092890226795,-0.021191907970977,596485616.375
"503",1967,11,0.00719286033080588,0.000484901482544238,578751933.8125
"504",1967,12,0.0338352930275328,0.0827998321608395,580079140.4375
"505",1968,1,-0.0363355043644195,0.022662537747737,611138941.9375
"506",1968,2,-0.0334974291812437,-0.056878969740634,586707870
"507",1968,3,0.00592197922989354,-0.0109335957639976,563947977.375
"508",1968,4,0.0943830641218445,0.14632080166558,567245811
"509",1968,5,0.0272074289906056,0.0923732329521152,618289949.875
"510",1968,6,0.0111321569893973,0.0154963576249161,633029933.75
"511",1968,7,-0.0222973076099209,-0.0280404293695328,639666700.5625
"512",1968,8,0.0175573079467979,0.0359372903742535,623758222.875
"513",1968,9,0.044336330501677,0.0692304752441811,634482814.625
"514",1968,10,0.00863670139949559,0.00664999190530378,661609151.6875
"515",1968,11,0.0584207274603965,0.0721996152719408,665781511.5625
"516",1968,12,-0.0350145543951804,0.00441353049670257,703940365.375
"517",1969,1,-0.0072160902810297,-0.00323944911446905,697468503.875
"518",1969,2,-0.0536412211696485,-0.0868406728969454,692517446.375
"519",1969,3,0.0307673545413033,0.0193706774630401,653469367.875
"520",1969,4,0.0198941278778339,0.00304772368421053,673604701.9375
"521",1969,5,0.00373576856157724,0.00497359363148062,688704492.6875
"522",1969,6,-0.0663918488801305,-0.113193176197118,687841174.375
"523",1969,7,-0.0646702698403177,-0.0959858193784592,641139696.21875
"524",1969,8,0.0517641004204006,0.0521655241209692,600343501.0625
"525",1969,9,-0.0235580783513053,-0.0247353069647231,630834677.0625
"526",1969,10,0.0564889932529086,0.0942791946642469,615019379.5625
"527",1969,11,-0.0327248719371117,-0.0562974250681199,649831747.125
"528",1969,12,-0.0198733417947669,-0.066934553015805,626197420.8125
"529",1970,1,-0.0748187677916711,-0.040404842366757,623292409.9375
"530",1970,2,0.0572532027842533,0.0404940583482944,575958952.0625
"531",1970,3,-0.0048832655321094,-0.024301365701559,608612203
"532",1970,4,-0.104813403410709,-0.163688224344736,605163103.75
"533",1970,5,-0.0640489773136582,-0.0913881966052138,540305342.125
"534",1970,6,-0.0520778057907756,-0.0755363907665916,503006364.125
"535",1970,7,0.0744248206997753,0.0585884568064538,476236656.6875
"536",1970,8,0.0501657670994106,0.0626114020300088,514039153.875
"537",1970,9,0.0471846074764703,0.128332465874064,537453655.125
"538",1970,10,-0.0181624197362157,-0.0595666058746164,562704230.5
"539",1970,11,0.0504651805490043,0.00243052357793879,551588765.5625
"540",1970,12,0.0613783270697358,0.0832397459664192,577679444.6875
"541",1971,1,0.0521462890490946,0.137439968586387,621421735.4375
"542",1971,2,0.0173983778222854,0.0492913567159635,653333049.5
"543",1971,3,0.044219086544001,0.0563581169056932,661892179.1875
"544",1971,4,0.0342849427381858,0.0278258648618432,691354467.25
"545",1971,5,-0.0368754763996967,-0.050377411720104,714777118.5
"546",1971,6,0.00269768551476565,-0.0180162865058518,686741189.125
"547",1971,7,-0.0409549018286888,-0.0563172301258562,686490178.4375
"548",1971,8,0.0425256901983886,0.041921378690629,659129469.75
"549",1971,9,-0.00486060529213525,-0.00530294550872712,685265611.375
"550",1971,10,-0.0405265850987946,-0.05872380787135,681779334.5625
"551",1971,11,-0.000896961380022312,-0.0340295462726366,653529404.6875
"552",1971,12,0.0907009541169995,0.119249415810461,651090552.6875
"553",1972,1,0.0277065298178832,0.105860732664996,724535384.5625
"554",1972,2,0.0311528654940872,0.0416763297386976,744659684.8125
"555",1972,3,0.00899004784975807,-0.000104225713104588,766154192.3125
"556",1972,4,0.00574188861338727,0.00112028694936188,772400977.9375
"557",1972,5,0.0155226314480096,-0.0195387639573071,777533312.625
"558",1972,6,-0.0214612430692275,-0.0347663387888707,786323287.5625
"559",1972,7,-0.00485616179850274,-0.0316581639557987,769583224.5
"560",1972,8,0.0354205181344819,0.0108375858132898,765689154.9375
"561",1972,9,-0.00795015002677633,-0.0323095644618616,791685564.8125
"562",1972,10,0.00915721849674968,-0.0155489162862491,786007732.6875
"563",1972,11,0.0495732451796864,0.0511904223203533,792580150.25
"564",1972,12,0.00992183884679943,-0.0216810576875749,828837489.3125
"565",1973,1,-0.0284547774203296,-0.0285820426715272,978491665.5
"566",1973,2,-0.0442813988114471,-0.0758215290011052,950536724.8125
"567",1973,3,-0.00851829027582116,-0.0306179690714686,904578555.8125
"568",1973,4,-0.0515336649122891,-0.073183423908988,895829197.03125
"569",1973,5,-0.0244176717450681,-0.086689254765281,848779004.6875
"570",1973,6,-0.010516242760183,-0.041270483998427,824261174.5625
"571",1973,7,0.0567883989517758,0.109912147433423,813935753.40625
"572",1973,8,-0.0312002009945542,-0.0453982736705815,858559718.15625
"573",1973,9,0.0542521515082686,0.0744783969941061,827531127.875
"574",1973,10,-0.00174519654789758,-0.000721513011343099,872504546.28125
"575",1973,11,-0.121843821817017,-0.177592628604325,870282666.09375
"576",1973,12,0.0123457855754019,-0.0419247101845062,759144433.53125
"577",1974,1,0.00457626462479448,0.135549879116384,766105703.25
"578",1974,2,0.0010858746410897,0.00728770635410241,768079968.9375
"579",1974,3,-0.022559983725856,0.00993255962893681,764439658.5625
"580",1974,4,-0.0454138129968103,-0.0542528919986151,745837475.15625
"581",1974,5,-0.0392556687376597,-0.0709756272206671,710609817.09375
"582",1974,6,-0.02223134332125,-0.0314061497983409,678848386.6875
"583",1974,7,-0.0735940511842903,-0.0533712429261301,661681712.15625
"584",1974,8,-0.0874395420438429,-0.0815745266985271,611627684.96875
"585",1974,9,-0.10973067604332,-0.0803489211759693,553314962.9375
"586",1974,10,0.166004503114271,0.0923301190472659,491182810.34375
"587",1974,11,-0.0396817858340405,-0.049328670738492,571272068.84375
"588",1974,12,-0.0276462756077306,-0.0795716636125654,546389458.6875
"589",1975,1,0.142417806482438,0.294644116370809,531766907.75
"590",1975,2,0.059901862853209,0.0587161701568337,607006699.75
"591",1975,3,0.0306949738071506,0.0827191757522896,640310381.625
"592",1975,4,0.0466384732988376,0.0353475743846656,664055684.625
"593",1975,5,0.0562264946446749,0.0760004946518228,695166845.96875
"594",1975,6,0.0523231948173918,0.0740908498394482,731664486.40625
"595",1975,7,-0.0610235290271155,-0.00739945194713131,769113322.59375
"596",1975,8,-0.0236641102239923,-0.0466893993070593,721113650.15625
"597",1975,9,-0.0372386192867286,-0.0369857217812534,700298513.59375
"598",1975,10,0.0585169796906653,0.0165885290208814,672871933.8125
"599",1975,11,0.0307143328852332,0.0189171830589255,710288313.9375
"600",1975,12,-0.0111687035304075,-0.00464198354962725,729122399.40625
"601",1976,1,0.126200715869765,0.1912957108806,719991284.625
"602",1976,2,0.00678359191332956,0.115871956629701,809918644.625
"603",1976,3,0.0273003448997378,0.0230913930142932,813447068.8125
"604",1976,4,-0.010636727389504,-0.00450327715754133,834005474.3125
"605",1976,5,-0.00971147175438568,-0.0193951850810811,825287308.0625
"606",1976,6,0.0447515278238251,0.0277933777033809,813630249.90625
"607",1976,7,-0.00602370180691931,0.00278048419290135,849081249.15625
"608",1976,8,-0.00137821857755961,-0.0162111916344624,842337844.09375
"609",1976,9,0.0247790195859369,0.0159172108667273,832291433.375
"610",1976,10,-0.0200735521999976,-0.021670328984162,856933184.75
"611",1976,11,0.00756404544997977,0.0258823269904357,838851861.65625
"612",1976,12,0.0603035302998284,0.100374633189309,842193919.8125
"613",1977,1,-0.0367873734772201,0.0375237798868206,892514214.25
"614",1977,2,-0.0158840993914694,0.00360525591064557,857512315.96875
"615",1977,3,-0.00993149735377527,0.0111728921526587,839239416.125
"616",1977,4,0.00545311180857337,0.0180858532466039,830655256.46875
"617",1977,5,-0.010827478748359,0.00322557085349679,835486090.5625
"618",1977,6,0.0510610947921198,0.0526968165961903,821085320.65625
"619",1977,7,-0.0127190722996494,0.0118011059856384,863483312.1875
"620",1977,8,-0.0131101164064752,-0.00307206445644779,851908547.25
"621",1977,9,0.0016451666771421,0.0146876542275594,835433219.1875
"622",1977,10,-0.0388212796374639,-0.022776222246267,835990999.09375
"623",1977,11,0.045258959867547,0.0707047119989377,800792012.09375
"624",1977,12,0.00752354065698888,0.0218979242493367,831295749.5625
"625",1978,1,-0.0550877932036265,-0.0123341420852076,838923725.84375
"626",1978,2,-0.00917771905685416,0.0267208920399074,788784966.21875
"627",1978,3,0.0337696158448785,0.0678744245722961,775550576.25
"628",1978,4,0.0839929199777419,0.0818839694777087,799163785.96875
"629",1978,5,0.0227057325445748,0.0709015104369829,864492549.0625
"630",1978,6,-0.0115105396335779,0.0101659942145275,876045736.5
"631",1978,7,0.0566339371486115,0.0522577062072012,864983671.41409
"632",1978,8,0.0430828489241139,0.0949761430075355,912578568.875
"633",1978,9,-0.00787836516487704,0.00589661903448993,944818949.625
"634",1978,10,-0.11210899605282,-0.182380865060851,937223523.46875
"635",1978,11,0.0340896720430587,0.0421708614424637,829389684.3125
"636",1978,12,0.0166331250961739,0.0136563836651297,851481522.90625
"637",1979,1,0.0499248915936438,0.0941123494552296,867646931.625
"638",1979,2,-0.0281876610720655,-0.0178258816147811,907069777.3125
"639",1979,3,0.0647838202846421,0.0837424144300648,872734719.60555
"640",1979,4,0.007347926761257,0.0287681522065956,925955938.10555
"641",1979,5,-0.0135277013144937,-0.00461815329496067,929540341.23055
"642",1979,6,0.0465453768631292,0.0552530727513749,908454083.15625
"643",1979,7,0.0158783270905198,0.022979342296151,948332805.15625
"644",1979,8,0.0628722272738186,0.0750379661319073,960926075.96875
"645",1979,9,0.000121919129506901,-0.00256322449618089,1015024980.0625
"646",1979,10,-0.072078293816925,-0.0972981282035924,1013003692.09375
"647",1979,11,0.0619883853831718,0.0656568002130242,936252323.09375
"648",1979,12,0.0272871504324054,0.0682871075761331,988662715.8125
"649",1980,1,0.0627514460659238,0.104510309015348,1018662788.25772
"650",1980,2,-0.0033251063816686,-0.00666841957534266,1075862999.15414
"651",1980,3,-0.11653827588915,-0.165731232119275,1063499502.64642
"652",1980,4,0.0517476000872257,0.0507983827237371,935038158.14642
"653",1980,5,0.0605543096288833,0.0706474554158154,983088974.84097
"654",1980,6,0.0366517890423537,0.0445492933675855,1036415348.30847
"655",1980,7,0.0701329039206715,0.0915088174570789,1073939693.88847
"656",1980,8,0.0244641306099217,0.0655973805788603,1149488561.68744
"657",1980,9,0.0294297750798682,0.0530785069876449,1171115254.89123
"658",1980,10,0.020177067487113,0.0487434869666867,1208694871.62721
"659",1980,11,0.105336606249181,0.0734572476936246,1229473043.71622
"660",1980,12,-0.0319686775604618,-0.031755094179743,1348774766.61657
"661",1981,1,-0.0399641297419604,0.00622384969524721,1314671481.70788
"662",1981,2,0.0163717013154737,0.00249666412128416,1260485057.67999
"663",1981,3,0.0476314356439171,0.0734167645698136,1272791354.21233
"664",1981,4,-0.00928068228447171,0.0299176698794628,1330532260.9703
"665",1981,5,0.0126062163410769,0.0291704292440173,1316809108.90843
"666",1981,6,-0.01007033974976,-0.013409766901787,1327327255.11832
"667",1981,7,-0.00297522513691519,-0.0200650208461067,1313501122.44419
"668",1981,8,-0.0572950738631083,-0.0746077049312854,1309208198.55188
"669",1981,9,-0.059166885941537,-0.0899990030181629,1225929015.59779
"670",1981,10,0.0608021891003122,0.0717202525070197,1148351089.67706
"671",1981,11,0.0440465951654844,0.0191565761562998,1207260714.77785
"672",1981,12,-0.027683136773173,-0.020118027030061,1258354538.40996
"673",1982,1,-0.0243957585419068,-0.0179496417673866,1226315886.21144
"674",1982,2,-0.0493490680368147,-0.047850719562634,1192245995.67483
"675",1982,3,-0.00874507848528551,-0.0120894909039427,1123765409.04708
"676",1982,4,0.0437784891367361,0.053579631641791,1099668180.92614
"677",1982,5,-0.0292257196368881,-0.0235967543335326,1143687289.72499
"678",1982,6,-0.0211832061106549,-0.0362304874568132,1100181453.82492
"679",1982,7,-0.0212967695767182,-0.0165535723521112,1074336671.59572
"680",1982,8,0.118803025725635,0.0622878237278967,1039915470.79844
"681",1982,9,0.0179504202747752,0.032958175417421,1162043065.18859
"682",1982,10,0.118396615977288,0.131075712933826,1180992514.00231
"683",1982,11,0.0530259480963881,0.0954835115101877,1318345967.96432
"684",1982,12,0.0121045613874249,0.0218924477490608,1381796174.41461
"685",1983,1,0.0426700066665755,0.112692947854744,1406841954.16766
"686",1983,2,0.0320254965422715,0.0555291212741618,1460367909.35355
"687",1983,3,0.0344173995445129,0.0509753257770635,1498308083.25987
"688",1983,4,0.0737531020587794,0.0818742618423002,1555503778.7633
"689",1983,5,0.0122740262977155,0.0939895853231186,1671349116.22407
"690",1983,6,0.0373545642540592,0.0505568417641456,1689963464.17187
"691",1983,7,-0.0332001191035896,-0.0193052529025113,1767593092.46731
"692",1983,8,0.00248106115512229,-0.035391363876948,1712309394.55937
"693",1983,9,0.0167075151697943,0.00294716882099436,1714004769.57879
"694",1983,10,-0.02679369461008,-0.0574838076708248,1749197181.92405
"695",1983,11,0.0286461378488089,0.0299600793272411,1704069217.08561
"696",1983,12,-0.0104925375767541,-0.0202713571059256,1749836231.82406
"697",1984,1,-0.0116284304069702,0.00447682624125866,1737308509.54551
"698",1984,2,-0.0407464168561092,-0.0570440364096304,1717709943.16728
"699",1984,3,0.0135946094481802,0.00622181825535848,1627708446.91373
"700",1984,4,0.00298516532547889,-0.0199048066070478,1645027349.0397
"701",1984,5,-0.0518259110790977,-0.0511333446147123,1645752733.26643
"702",1984,6,0.0254373295707702,0.0151128597560643,1552042078.79015
"703",1984,7,-0.0191910577244028,-0.0473800616720845,1571416196.43926
"704",1984,8,0.1107322155339,0.0896193699966385,1536241885.49474
"705",1984,9,0.000584075678018211,-0.000105993472749261,1694744170.25819
"706",1984,10,0.00150436837983446,-0.0217921610167758,1689077064.45506
"707",1984,11,-0.0102153526848632,-0.0329776005550534,1678759128.65573
"708",1984,12,0.024733293940044,0.00646346795977205,1644992797.21047
"709",1985,1,0.0860042353658176,0.125671279765311,1679786718.59047
"710",1985,2,0.017990157056884,0.0493449881922142,1815570285.25229
"711",1985,3,-0.00225459895642292,-0.0112679313553371,1837053260.45056
"712",1985,4,-0.00239938101011909,-0.0120155933615694,1826814126.96047
"713",1985,5,0.0572644611126269,0.0231615621501541,1820491617.40171
"714",1985,6,0.0181028962869885,0.00336983128568067,1906270204.56756
"715",1985,7,-0.0010513104504405,0.0194298504835976,1920779428.77304
"716",1985,8,-0.00465492297765266,-0.00342181522222085,1912429695.09949
"717",1985,9,-0.0390440554522928,-0.0584670056266463,1892595548.72507
"718",1985,10,0.0464903885794344,0.0189635743438046,1804626688.17414
"719",1985,11,0.0703723179052234,0.0544681709218437,1885138631.44447
"720",1985,12,0.0450536590431723,0.0312181769607838,1996349373.59482
"721",1986,1,0.0120798657310882,0.0449970264590581,2086350241.01749
"722",1986,2,0.0763925674246164,0.0636709393015565,2104085484.58086
"723",1986,3,0.0546374332710005,0.0495560951365395,2253962015.25214
"724",1986,4,-0.00781246465465007,0.0158037222424156,2377100235.8419
"725",1986,5,0.0510396595542021,0.0388038638056944,2342465149.68694
"726",1986,6,0.0155021975578832,0.00944204637060707,2459290199.27762
"727",1986,7,-0.0590979994892802,-0.0760316519643512,2500165121.48327
"728",1986,8,0.0651048232901763,0.0184653685987167,2355778110.15308
"729",1986,9,-0.0812447604432031,-0.0636187702246667,2502763518.08964
"730",1986,10,0.0509985507618481,0.0270992763373186,2294159990.58447
"731",1986,11,0.015519943918277,-0.00698972773203121,2403233569.01804
"732",1986,12,-0.0275995098569896,-0.0369319278128493,2430582903.12402
"733",1987,1,0.128461418775279,0.118892394585742,2350391483.24623
"734",1987,2,0.0480765092206109,0.0777097346107214,2651801525.03433
"735",1987,3,0.0210300634453848,0.031962705202798,2770435740.81825
"736",1987,4,-0.016586610689488,-0.0211190075737804,2829156016.6968
"737",1987,5,0.0048331965769662,-6.05853427940994e-07,2775211388.19913
"738",1987,6,0.0438166272422464,0.0216071526674659,2784299391.36669
"739",1987,7,0.0429084662940274,0.0327261406932036,2895191385.58829
"740",1987,8,0.0397892395301688,0.0167823412483333,3010598775.17056
"741",1987,9,-0.021341744876642,-0.0158918367132069,3114567954.9294
"742",1987,10,-0.22578167610714,-0.277679865773925,3052483551.71759
"743",1987,11,-0.0741188133113441,-0.0548047889399461,2350766954.51479
"744",1987,12,0.0718171612751529,0.0292451069975945,2162607320.33856
"745",1988,1,0.0449691996157629,0.0793661761404122,2311722223.50188
"746",1988,2,0.0520510196409308,0.06487089679883,2404154759.36619
"747",1988,3,-0.0181404814577812,0.0371325135704512,2512940284.83446
"748",1988,4,0.0102541324357426,0.0156479993647581,2449830983.94886
"749",1988,5,0.00214583606004577,-0.0172997601850472,2465890483.68487
"750",1988,6,0.0525427246290976,0.051596976260574,2454912811.20105
"751",1988,7,-0.00740318508642341,-2.82962005744747e-05,2559236910.50554
"752",1988,8,-0.0270854966310226,-0.0228498102633351,2536079316.0344
"753",1988,9,0.0390824860949066,0.0195127123851309,2445819670.24468
"754",1988,10,0.0175876210623113,-0.0143343504369123,2531587128.16107
"755",1988,11,-0.0171668169615603,-0.0403877277823578,2562733984.19829
"756",1988,12,0.0209432542341518,0.0216259702589433,2500772584.10374
"757",1989,1,0.0661465894991274,0.0633593659063092,2509946951.94587
"758",1989,2,-0.0163792267884112,0.00398754589493231,2657462743.79291
"759",1989,3,0.0223063404573443,0.0178741828080799,2599312290.39873
"760",1989,4,0.0501262920157444,0.031714308561124,2648577913.13503
"761",1989,5,0.0406796743799036,0.0289288993120199,2772682029.10245
"762",1989,6,-0.00635552422811227,-0.0107694110353652,2848655872.05388
"763",1989,7,0.0785111988545492,0.0295433752485978,2817737627.29052
"764",1989,8,0.0217398037331582,0.0201288013312852,3020367948.40525
"765",1989,9,-0.00109615126783004,0.00278218440707822,3074265162.70884
"766",1989,10,-0.0298273598085233,-0.0532567130180576,3064852164.5011
"767",1989,11,0.017102739039567,-0.0113209503653236,2969503748.73329
"768",1989,12,0.0176540052421625,-0.0153218709793263,3004620339.82815
"769",1990,1,-0.0722527493481105,-0.050865675194528,3056878546.54199
"770",1990,2,0.0166980275183548,0.0207305685829729,2811393494.24056
"771",1990,3,0.0246945442796927,0.0263711123451872,2848877605.14809
"772",1990,4,-0.0266654228285764,-0.0258022513054781,2916992391.8976
"773",1990,5,0.0909434171198479,0.0471527854173505,2835987903.78482
"774",1990,6,-0.00465103850117743,0.00578373953484406,3083205289.37928
"775",1990,7,-0.0122124976418852,-0.0316752657967071,3061171226.38593
"776",1990,8,-0.0946500211879378,-0.1158619356876,3018650054.95481
"777",1990,9,-0.055091234700075,-0.0816696080056907,2717791531.32777
"778",1990,10,-0.0123908526356988,-0.0618660805718167,2558533008.47612
"779",1990,11,0.0690268235021426,0.0389024843919383,2518411217.57985
"780",1990,12,0.0305735716618214,-0.00302524926791443,2679524088.14964
"781",1991,1,0.0520027777673775,0.0894404195788689,2749774568.24724
"782",1991,2,0.0766129722753826,0.138228454931071,2883255369.36884
"783",1991,3,0.0308082989527953,0.0848297379485812,3093431182.70086
"784",1991,4,0.00256036663530141,0.0335073955568172,3197658684.29138
"785",1991,5,0.041155185991971,0.0312383921568627,3202631687.16648
"786",1991,6,-0.0452396290551668,-0.0356747910785679,3330250553.8777
"787",1991,7,0.0472208028974794,0.0368608895130067,3196298477.55591
"788",1991,8,0.027756755098181,0.0320246764410103,3346282212.86953
"789",1991,9,-0.0112857504192649,0.00870566244148318,3432025642.15096
"790",1991,10,0.017098261039687,0.025750084834725,3407939938.83781
"791",1991,11,-0.0379354362680234,-0.0248815770659784,3468470518.38922
"792",1991,12,0.112092674913436,0.0401606257009222,3331562316.57717
"793",1992,1,-0.00248950957928317,0.161881151419748,3718160751.67889
"794",1992,2,0.0136583429853202,0.0565664768015379,3703968945.96943
"795",1992,3,-0.023162523690951,-0.0140123143460551,3752703013.06898
"796",1992,4,0.0139616760646465,-0.0382440212029061,3699180241.7649
"797",1992,5,0.00575811123337141,0.00374445732923491,3744088646.30768
"798",1992,6,-0.020178473325404,-0.0420146426421501,3756041826.17921
"799",1992,7,0.0407948465216113,0.0286106520612701,3703470572.70288
"800",1992,8,-0.0211606497704387,-0.0265659092267059,3852188032.74951
"801",1992,9,0.0144383279258898,0.0150429957412464,3760718564.27062
"802",1992,10,0.0124459575111258,0.0224625263106002,3818245946.51615
"803",1992,11,0.04362194528589,0.0763029884482759,3863074370.47949
"804",1992,12,0.0181415615449631,0.0389657414351599,4022616229.33874
"805",1993,1,0.0116318641041883,0.070330206939864,4117121271.22382
"806",1993,2,0.00343941242481515,-0.0154981701506819,4163904148.03128
"807",1993,3,0.0255269567251809,0.0288584050906229,4175713679.40153
"808",1993,4,-0.0280831275842984,-0.0183168073473289,4302963168.25888
"809",1993,5,0.0310241387164773,0.0406368489500121,4183757720.77767
"810",1993,6,0.00559263031870449,0.0132151112718209,4309320308.69162
"811",1993,7,-0.00104041938657391,0.0131100363736048,4376624162.08968
"812",1993,8,0.0396227344681377,0.0409597814500592,4371940649.37109
"813",1993,9,0.00139668890404935,0.0291603966430716,4540207977.12515
"814",1993,10,0.0163080436092767,0.0414030210560415,4562507382.07043
"815",1993,11,-0.0163587899060658,-0.0243447152580071,4635622278.65593
"816",1993,12,0.0187426203483974,0.0119407517317212,4559166375.75943
"817",1994,1,0.0311301140497274,0.0501383408557854,4675114822.20584
"818",1994,2,-0.0233788475032743,-0.00659433908123167,4821239108.11519
"819",1994,3,-0.0450767997337529,-0.0442813974323897,4707669082.99468
"820",1994,4,0.00952802866626728,-0.0150074283037192,4502990740.30209
"821",1994,5,0.00890194931016551,-0.00207788553868114,4538624799.02448
"822",1994,6,-0.0272112251436721,-0.0277384973458111,4578066677.80619
"823",1994,7,0.0308709183840039,0.014660292618949,4460376343.44409
"824",1994,8,0.0437488407511191,0.0397086928772978,4595594085.25163
"825",1994,9,-0.0193187055128627,0.00719319194432064,4780272937.0389
"826",1994,10,0.0172220401876869,0.00106979081173181,4688677845.55018
"827",1994,11,-0.0365990348740301,-0.04335016877127,4763276162.59858
"828",1994,12,0.0130268542945483,-0.0124348634204136,4575258335.00447
"829",1995,1,0.0221610620641837,0.0319396479629353,4629732614.1949
"830",1995,2,0.0401707866805092,0.0315867144067791,4722422956.17698
"831",1995,3,0.0263889313119604,0.0186120514492815,4902273362.81214
"832",1995,4,0.0254823854400427,0.0245591085534196,5037697553.15497
"833",1995,5,0.0342888445451508,0.0199569899996535,5157052380.03275
"834",1995,6,0.0318544449817327,0.0547782862527822,5320057009.0659
"835",1995,7,0.0416067088537646,0.061100821016051,5497729207.04602
"836",1995,8,0.0101566321004299,0.0355788601614203,5712269991.45322
"837",1995,9,0.0377647330158512,0.0284599902512824,5774909925.37904
"838",1995,10,-0.010485346922225,-0.0441669560017917,6002024225.38365
"839",1995,11,0.0437033595758799,0.0171650078463626,5946058856.74087
"840",1995,12,0.0150761404046119,0.00767709094040154,6217781303.59495
"841",1996,1,0.0267934294984291,0.0289132245425445,6321097774.00125
"842",1996,2,0.0171396230774913,0.036919523799928,6482326751.59901
"843",1996,3,0.0112465451198721,0.0265555652078967,6586925378.45703
"844",1996,4,0.0250443181016858,0.0639840051203271,6675210821.69108
"845",1996,5,0.0278008441315793,0.0691166357302338,6867517399.95727
"846",1996,6,-0.00740341212243912,-0.0354922781284028,7079492134.37415
"847",1996,7,-0.0550465548508632,-0.0884310609739082,7056326155.9485
"848",1996,8,0.0317605577251601,0.0466517401512462,6656443266.23279
"849",1996,9,0.0543681857109515,0.0316285280335425,6863986983.70971
"850",1996,10,0.0128139290138597,-0.0246802048073343,7239839682.43037
"851",1996,11,0.0664985920435653,0.0237284821632876,7316772517.23443
"852",1996,12,-0.0122956738455549,-0.00379721649411346,7803864280.67133
"853",1997,1,0.0540428958667752,0.0657735611288281,7708503796.24381
"854",1997,2,-0.000998035598951197,-0.0152107832545366,8111408926.15747
"855",1997,3,-0.0458409605427898,-0.052901097024928,8096498848.16818
"856",1997,4,0.0445973943953799,-0.0252161418657864,7728295134.39561
"857",1997,5,0.0721293565151343,0.0925233319812439,8057118944.80816
"858",1997,6,0.0443999805158045,0.0454208104924359,8626170359.56924
"859",1997,7,0.0770785401133436,0.051744110856272,8989253719.7713
"860",1997,8,-0.0369944382066503,0.0349526998891569,9667546853.07528
"861",1997,9,0.0577849561379593,0.0870517329366601,9300208010.40732
"862",1997,10,-0.0337430138192166,-0.0211831369561217,9865148626.29875
"863",1997,11,0.0336250801164739,-0.02110259249804,9519814270.39149
"864",1997,12,0.0178931522148825,-0.0286109764714668,9832236771.23213
"865",1998,1,0.00573102934482806,0.0150275804773917,10022647991.8379
"866",1998,2,0.0740859129258628,0.0644408595952683,10065554670.4075
"867",1998,3,0.0513920567740735,0.0508694162967157,10793119973.5265
"868",1998,4,0.0115239769611856,0.0278647133293685,11388074283.4008
"869",1998,5,-0.0266038238370049,-0.0452946405434247,11493527963.5783
"870",1998,6,0.035764833679827,-0.0285070251983106,11203663118.2244
"871",1998,7,-0.0205430004064771,-0.0556945174025137,11663510651.0373
"872",1998,8,-0.156002281187845,-0.202385897744691,11435030252.6845
"873",1998,9,0.065811167926136,0.0410123008573894,9621650697.11413
"874",1998,10,0.0735069948594737,0.0372364151294069,10256169603.9602
"875",1998,11,0.0635420779510966,0.084358506739228,11000490550.3906
"876",1998,12,0.0652420188973826,0.02506822912338,11620295426.2842
"877",1999,1,0.0381562403789573,0.0729595814732248,12363684794.9507
"878",1999,2,-0.0372493747577786,-0.0486843856441741,12781836849.3234
"879",1999,3,0.0384829957175325,-0.00844606503279597,12319069530.6836
"880",1999,4,0.046918119338757,0.0858144113206161,12797975477.1688
"881",1999,5,-0.0211844319203495,0.0327643756563649,13425100253.1011
"882",1999,6,0.0511036492430165,0.0393323318071009,13197683556.2166
"883",1999,7,-0.0308201250630565,0.00861636141624036,13825093316.0595
"884",1999,8,-0.00991591993259681,-0.0342668519567599,13430093928.1737
"885",1999,9,-0.0241155880974543,-0.016602121909464,13306241310.7492
"886",1999,10,0.0645149397380755,-0.000259913164282546,13017830611.613
"887",1999,11,0.0374991768192434,0.098973911629151,13943481644.0059
"888",1999,12,0.0808757469321187,0.0881433812798431,14550755657.5186
"889",2000,1,-0.0431047547674775,0.0526949059935986,15788648798.5866
"890",2000,2,0.0287494185574744,0.129816157379988,15095805366.593
"891",2000,3,0.0567359536005027,0.00117172915233935,15650581295.933
"892",2000,4,-0.059128988400195,-0.0972832517325091,16767161631.7173
"893",2000,5,-0.0390055984468081,-0.0642074981862989,15826544618.9718
"894",2000,6,0.0502502868652835,0.085895800183759,15224852774.5507
"895",2000,7,-0.0201324602011844,-0.021857432896426,16029547831.7335
"896",2000,8,0.0751888856013492,0.0642106971628303,15687811340.8626
"897",2000,9,-0.0492623065108508,-0.0417017461720035,16907842219.4436
"898",2000,10,-0.0219196828784912,-0.0676413550912062,16136080966.0859
"899",2000,11,-0.101640404754128,-0.130787363104729,15751594983.1098
"900",2000,12,0.016812057479764,-0.0132180580041569,14106775939.2642
"901",2001,1,0.036285421398914,0.250628199968584,14349314316.6415
"902",2001,2,-0.096271164518781,-0.0798205098648052,14883033834.8531
"903",2001,3,-0.068312899239585,-0.0732082708541954,13419615626.0718
"904",2001,4,0.0832190202558117,0.0807273452490396,12507392784.5538
"905",2001,5,0.0103629989534857,0.0711554638197809,13559490297.1507
"906",2001,6,-0.0165503642998622,0.0157745310876058,13672421002.4736
"907",2001,7,-0.0182883042852674,-0.0287353271601207,13460851608.6436
"908",2001,8,-0.0610619321158995,-0.0382581451872164,13215749437.9713
"909",2001,9,-0.0895047444151775,-0.132576585123912,12401405824.2871
"910",2001,10,0.0267042565878778,0.0851871565795663,11264167900.5563
"911",2001,11,0.0770000744153295,0.0834560350427446,11573590238.8209
"912",2001,12,0.0174883896626424,0.065919412731044,12439946713.5256
"913",2002,1,-0.013003301261772,0.0208151297975406,12663598859.3354
"914",2002,2,-0.0216020974809753,-0.03818316211121,12474523217.3392
"915",2002,3,0.0437030439775036,0.0834317361937821,12192476480.828
"916",2002,4,-0.0504916630839985,0.000591638640102357,12740629816.2668
"917",2002,5,-0.0123243555607094,-0.0235648728217127,12108638625.0944
"918",2002,6,-0.0705309204329077,-0.0697106072004164,11946466001.5782
"919",2002,7,-0.0801706030929843,-0.118711749583047,11081409663.6151
"920",2002,8,0.00638131801752896,0.00377466640450684,10186591102.991
"921",2002,9,-0.101843784147717,-0.0864196786272175,10215986318.1052
"922",2002,10,0.0796550549642215,0.0479161069790424,9158068762.36399
"923",2002,11,0.0606007122016239,0.131056220332505,9873832878.18683
"924",2002,12,-0.0563992572198214,-0.0498456176555822,10453427270.588
"925",2003,1,-0.0246809570288705,0.00332792911251868,9853439493.28662
"926",2003,2,-0.017961148645024,-0.0253163837283993,9596312847.38055
"927",2003,3,0.0119117640484575,0.0135816326832046,9406332465.25931
"928",2003,4,0.082664203440245,0.102806091004246,9499812290.72268
"929",2003,5,0.0613650025082725,0.144588278521383,10279167140.2319
"930",2003,6,0.0151865817288439,0.054106502872452,10884024233.1856
"931",2003,7,0.0241118071444943,0.073917915863836,11047778144.4662
"932",2003,8,0.0240265569267126,0.0516494652233557,11306231539.4117
"933",2003,9,-0.0115240125762588,0.0239987674420432,11572411575.4191
"934",2003,10,0.0614697937247766,0.0850754896521767,11474014654.3031
"935",2003,11,0.0141815219075136,0.0379149044364622,12172972666.5621
"936",2003,12,0.0436086133193622,0.0357497335459323,12340170447.822
"937",2004,1,0.0222075596894041,0.072243889048298,12847788757.2158
"938",2004,2,0.0146081723815776,0.0119626521176803,13118381521.4534
"939",2004,3,-0.0123009445990968,0.00248321719730961,13323581192.8589
"940",2004,4,-0.0174198337435183,-0.0301894877378027,13182456218.8919
"941",2004,5,0.0123466612859664,-0.000225339332737509,12954036702.1529
"942",2004,6,0.0193557147100125,0.0248316546306846,13099822130.6812
"943",2004,7,-0.0394441100724865,-0.0644163868041996,13336378814.3229
"944",2004,8,0.00185969025675711,-0.0134438698054095,12802071914.5989
"945",2004,9,0.0171667621005658,0.0419768995246098,12811858610.2042
"946",2004,10,0.0153435324916401,0.0193709081305671,13007030462.2219
"947",2004,11,0.0468980182339645,0.0881949464749154,13154070496.8692
"948",2004,12,0.0357600621889815,0.0605799183454766,13780549597.0023
"949",2005,1,-0.0258808915664189,-0.0347986630681786,14273129205.0339
"950",2005,2,0.0204898202473169,0.0105782275779749,13881814223.2315
"951",2005,3,-0.01748840998377,-0.0290966606522557,14150661473.5946
"952",2005,4,-0.0240046281054236,-0.0565170115700402,13886685679.3957
"953",2005,5,0.0388578232975439,0.0494734170727956,13545065820.6172
"954",2005,6,0.00793297523128391,0.0349513529875633,14026300820.38
"955",2005,7,0.0414875475985333,0.0658750802150053,14117997488.6577
"956",2005,8,-0.00909130080516786,-0.0104970019930602,14679824990.6533
"957",2005,9,0.00769433680656589,0.00634106488630981,14489861101.2015
"958",2005,10,-0.0173434721777914,-0.031393687652239,14593251310.6984
"959",2005,11,0.0391834084210236,0.037054546811691,14304545941.5177
"960",2005,12,0.000709747695168962,0.00928761891896342,14832548389.0559
"961",2006,1,0.033745200440713,0.0787175502408455,14796369037.2474
"962",2006,2,0.000384139774629171,0.00495849005048798,15214272125.9226
"963",2006,3,0.0183188177251335,0.0421894685093326,15220243629.8101
"964",2006,4,0.0107640322403822,0.00713740400666787,15479484513.4213
"965",2006,5,-0.0313373570425908,-0.0480548788100497,15559395744.2876
"966",2006,6,0.000485484491262453,-0.00872549624694546,15055484666.1543
"967",2006,7,-0.00378417918824581,-0.0342580971659919,15021641784.2818
"968",2006,8,0.024464956590423,0.021595471699256,14932588045.0172
"969",2006,9,0.0225387621844187,0.0101910045879104,15189174774.1929
"970",2006,10,0.0362717769688288,0.0497972034592007,15502140792.4029
"971",2006,11,0.0212327344195566,0.0276447226617883,16030425748.7209
"972",2006,12,0.0125511590880564,0.0137906473968526,16309177073.011
"973",2007,1,0.0183371546751352,0.0238829117787902,16459488573.6479
"974",2007,2,-0.01572564892184,0.00229469239060142,16713190068
"975",2007,3,0.0110218567135208,0.00345956808981683,16386564830.3643
"976",2007,4,0.0391703501507281,0.0237262302788129,16546298676.7939
"977",2007,5,0.036431756721049,0.0243024981422802,17139547225.8909
"978",2007,6,-0.015577741129547,-0.00695704503472717,17689153454.0689
"979",2007,7,-0.0332508309684378,-0.0503937465373176,17358258322.2405
"980",2007,8,0.0133502843988209,-0.0108166313368511,16688380633.1411
"981",2007,9,0.0353548146530484,0.0165145269426271,16835442481.2913
"982",2007,10,0.0211008033367998,0.0116300671653269,17328142762.5029
"983",2007,11,-0.0446452166927812,-0.0821185243613171,17560694088.0067
"984",2007,12,-0.00592367755255109,-0.0136985092294564,16642348273.2759
"985",2008,1,-0.0612870096712278,-0.0527178428399177,16492451752.0471
"986",2008,2,-0.0295455388988564,-0.0264941936620897,15422126864.4447
"987",2008,3,-0.00761978679571323,-0.0257342127327633,14879908931.6512
"988",2008,4,0.0477095630612045,0.0244390258637393,14747224343.7319
"989",2008,5,0.0203170397968849,0.0347729689748421,15409997151.5751
"990",2008,6,-0.0825773953292395,-0.0931041734990641,15675753617.2785
"991",2008,7,-0.00617176051548391,0.00951167207229722,14352288508.6525
"992",2008,8,0.0165025764015339,0.0246044237289058,14226567404.8108
"993",2008,9,-0.090576841153206,-0.109280349674381,14414902870.9651
"994",2008,10,-0.17105984552734,-0.212501912246386,13067673146.8193
"995",2008,11,-0.0778202308304622,-0.139310782698486,10768744754.8988
"996",2008,12,0.0176387584024187,0.0310477481418744,9843224681.01543
"997",2009,1,-0.0807952493644541,-0.039012008403883,9985855838.74983
"998",2009,2,-0.10076548408133,-0.117664045022679,9149215742.99538
"999",2009,3,0.0886155746118284,0.128339906456173,8175276304.60087
"1000",2009,4,0.10177980600407,0.217270566611256,8783808620.15738
"1001",2009,5,0.0520849044167329,0.0981711210658764,9661106410.60272
"1002",2009,6,0.00437430319345085,0.0363464904635244,10181863632.6237
"1003",2009,7,0.0772842336559809,0.0884385832821625,10244268255.6395
"1004",2009,8,0.0333551168117244,0.0675155314091681,11039114208.0235
"1005",2009,9,0.0408436479866546,0.0715843611743653,11428718549.5392
"1006",2009,10,-0.0256846081234858,-0.0624737440567969,11949877599.8075
"1007",2009,11,0.0552993623955751,0.0196215738557056,11591126532.7899
"1008",2009,12,0.0275410216195017,0.0685221883210787,12202334651.4548
"1009",2010,1,-0.033434692178204,-0.00617560775373841,12560082937.6743
"1010",2010,2,0.0339096820223082,0.0386238442103001,12120945604.4292
"1011",2010,3,0.0630972055493524,0.0796954220389204,12497332023.3594
"1012",2010,4,0.0200500316620173,0.0770153270084352,13303594738.9798
"1013",2010,5,-0.0787956051721698,-0.0819208039685261,13555301858.2578
"1014",2010,6,-0.0553499480942118,-0.0760841155721514,12466896531.3184
"1015",2010,7,0.0692218250398356,0.0570559273910866,11750873654.212
"1016",2010,8,-0.0475112026123034,-0.0681820503128911,12515263623.5914
"1017",2010,9,0.0955042304374187,0.10882734690097,11875729728.1264
"1018",2010,10,0.0387801211617963,0.0443178034274194,12976955015.4773
"1019",2010,11,0.0060937908270884,0.0223212417427684,13442970815.4655
"1020",2010,12,0.0682641387012132,0.0854358814889106,13574148804.1533
"1021",2011,1,0.0199512643936006,0.0191356466667717,14482863917.3401
"1022",2011,2,0.0349613037744859,0.0441314798107254,14799006457.3018
"1023",2011,3,0.00459818256779479,0.0125931184359273,15278736592.9499
"1024",2011,4,0.0289922572094653,0.0152210712491955,15343001587.4402
"1025",2011,5,-0.0126894308713714,-0.020543620753333,15762891551.7657
"1026",2011,6,-0.0173733150161886,-0.0260462236080143,15510458492.7774
"1027",2011,7,-0.0235296108723033,-0.0258050268859306,15183227212.3841
"1028",2011,8,-0.0597247326972642,-0.0930010765672924,14792405906.8556
"1029",2011,9,-0.0756747140809324,-0.108219090943007,13842305720.2173
"1030",2011,10,0.113380971429795,0.122034077935805,12728732099.926
"1031",2011,11,-0.00277426214028358,-0.0180911495502876,14118968373.515
"1032",2011,12,0.00739801506394743,0.000684518815765997,13985767618.2045
"1033",2012,1,0.0503406026587404,0.0921814295222141,14046512178.2294
"1034",2012,2,0.0441811469806582,0.0409573505249238,14693890121.3477
"1035",2012,3,0.0312125909052202,0.0329107863858905,15276713382.3526
"1036",2012,4,-0.00853963407464835,-0.011833468002947,15750319172.1929
"1037",2012,5,-0.0616084980003357,-0.0701671355249175,15575538424.3884
"1038",2012,6,0.0389454642457532,0.0388506881561083,14548217171.6764
"1039",2012,7,0.00792068948605069,-0.00959932771972742,15079664369.4798
"1040",2012,8,0.0255408747386665,0.0285581489762931,15154644854.2744
"1041",2012,9,0.0273842741482484,0.039759624872686,15456159520.769
"1042",2012,10,-0.0174895440049319,-0.0187871450162794,15860031405.448
"1043",2012,11,0.00782903687893646,0.0033462627816864,15543454355.5308
"1044",2012,12,0.0117916605734464,0.025712247129579,15601233742.3417
"1045",2013,1,0.0556828514416231,0.0733075417151925,15719394095.9391
"1046",2013,2,0.012899804542919,0.0113685601616108,16570317841.4216
"1047",2013,3,0.0403543783512667,0.0446201310908337,16702422880.0814
"1048",2013,4,0.0155731291515242,-0.000400239333868304,17373285395.8128
"1049",2013,5,0.0279972445125295,0.0490123023124949,17618577850.8056
"1050",2013,6,-0.0119043842105719,0.000763303895985379,18081316467.0092
"1051",2013,7,0.0563665283572402,0.0744563260689655,17785145630.9945
"1052",2013,8,-0.0270381424705573,-0.0208867366574477,18736928860.3713
"1053",2013,9,0.0376622912489777,0.0590068134887806,18183517295.505
"1054",2013,10,0.0416104696110794,0.0254790533729882,18837809565.556
"1055",2013,11,0.0312354475169521,0.041922781473337,19536419448.1976
"1056",2013,12,0.0280637273104245,0.0312409409807101,20115842821.1508
"1057",2014,1,-0.0331031531849576,0.00070461649225938,20653822643.9968
"1058",2014,2,0.046527336214237,0.0476892055416517,19924255319.6806
"1059",2014,3,0.00440063155245858,0.000406589356042517,20838959606.7171
"1060",2014,4,-0.00186825668756957,-0.0409078289375634,20894245836.1978
"1061",2014,5,0.0206204180006369,0.00138503204278473,20876852211.9508
"1062",2014,6,0.0261168955592531,0.0481627417646552,21227473811.0686
"1063",2014,7,-0.0203743997841996,-0.0482156110515021,21759144715.603
"1064",2014,8,0.042310004414021,0.0411160778459078,21277230341.0859
"1065",2014,9,-0.0196861533697241,-0.0466099408814738,22087710023.6087
"1066",2014,10,0.0251687941538584,0.0281849869754684,21610458590.3196
"1067",2014,11,0.025413810396253,-0.000873368993894346,22122889643.0188
"1068",2014,12,-0.000576727223715267,0.0187884458937464,22589082652.0373
"1069",2015,1,-0.0309817876842946,-0.033410989067986,22587952748.0447
"1070",2015,2,0.0612542174141741,0.068095095230318,21752056944.6357
"1071",2015,3,-0.0111928722813339,0.00178002905665116,22968168865.1824
"1072",2015,4,0.00593715493755829,0.000662947607779552,22565137894.7368
"1073",2015,5,0.0135751881006089,0.011893156320327,22666903803.9253
"1074",2015,6,-0.0152889192152962,-0.00180860600216268,22860064271.232
"1075",2015,7,0.0152705304040795,-0.0298938527080606,22456620506.3348
"1076",2015,8,-0.0602138559695659,-0.0459323553792927,22784843206.1855
"1077",2015,9,-0.0307211731885288,-0.0578742663801887,21320572644.0243
"1078",2015,10,0.0773948919974664,0.0504494642871844,20597360784.2645
"1079",2015,11,0.00564629485977086,0.0249835779909024,22095896481.8013
"1080",2015,12,-0.0215388052419596,-0.0454485537952376,22107789573.4989
"1081",2016,1,-0.0574235559155745,-0.0942753096032311,21560469781.2808
"1082",2016,2,-0.000540304150571429,0.00173039531763563,20224669318.7278
"1083",2016,3,0.0696955442015106,0.0833188437853661,20005911188.245
"1084",2016,4,0.00921092455539801,0.0373813454367123,21306711158.2507
"1085",2016,5,0.0178190916866471,0.00560013043446585,21432830649.3648
"1086",2016,6,-0.000266341133765369,-0.00368966466228552,21658782733.1521
"1087",2016,7,0.0396337677298377,0.0579132011031526,21601593842.8793
"1088",2016,8,0.00514205907338013,0.0224446603730939,22372173708.7513
"1089",2016,9,0.00272361539340232,0.0226791099131552,22403456427.715
"1090",2016,10,-0.0200383304081278,-0.0538032882142479,22340652304.3229
"1091",2016,11,0.0486834322837446,0.088928199041842,21847060692.1935
"1092",2016,12,0.0183681372678566,0.0192615029919117,22812445234.3346
"1093",2017,1,0.0196923032519685,0.0170475664548218,23163111659.8563
"1094",2017,2,0.0359564412852357,0.0182981838985635,23565652484.89
"1095",2017,3,0.00202014412626155,0.00626310445130983,24295131278.6319
"1096",2017,4,0.01138848601833,0.00174937451617778,24279918463.335
"1097",2017,5,0.0111840724123291,-0.0215532935069263,24531235254.9966
"1098",2017,6,0.00840495849743926,0.0361882597515596,24740544220.7271
"1099",2017,7,0.0193439015259701,-0.000839822308331026,24834421452.7717
"1100",2017,8,0.00254701339604804,-0.0158715770042836,25150095642.7196
"1101",2017,9,0.0258800920827946,0.0717919967062472,25152763877.2604
"1102",2017,10,0.0233170442666963,0.00066068971575684,25766354577.3816
"1103",2017,11,0.0319950113064931,0.0340603982339877,26294452056.7183
"1104",2017,12,0.0114310679315275,0.0124336824512535,27048553175.6245
